{"count":1,"self":2776.4211711999997,"total":7681.1112656,"children":{"InitializeActuators":{"count":1,"self":0.0030169999999999997,"total":0.0030169999999999997,"children":null},"InitializeSensors":{"count":1,"self":0.011983899999999999,"total":0.011983899999999999,"children":null},"AgentSendState":{"count":1203534,"self":8.4511712,"total":1162.8842603,"children":{"CollectObservations":{"count":240707,"self":1.3592374999999999,"total":1.3592374999999999,"children":null},"WriteActionMask":{"count":240707,"self":0.5525611,"total":0.5525611,"children":null},"RequestDecision":{"count":240707,"self":2.7599723999999997,"total":1152.5212904,"children":{"AgentInfo.ToProto":{"count":240707,"self":3.6274796,"total":1149.7613179,"children":{"GenerateSensorData":{"count":240707,"self":13.0743928,"total":1146.1338382,"children":{"CameraSensor.GetCompressedObservation":{"count":240707,"self":1133.0594816,"total":1133.0594455,"children":null}}}}}}}}},"DecideAction":{"count":1203534,"self":3725.6118272,"total":3725.6119682,"children":null},"AgentAct":{"count":1203534,"self":16.176875199999998,"total":16.1768753,"children":null}},"gauges":{},"metadata":{"timer_format_version":"0.1.0","start_time_seconds":"1686239528","unity_version":"2021.3.10f1","command_line_arguments":"C:\\Program Files\\Unity\\Hub\\Editor\\2021.3.10f1\\Editor\\Unity.exe -projectpath C:\\Users\\Salwa\\Documents\\schooljaar22-23\\Semester2\\VR\\project\\Project_VR -useHub -hubIPC -cloudEnvironment production -licensingIpc LicenseClient-Salwa -hubSessionId 40ba8390-05ec-11ee-a92b-8bfb1dd10926 -accessToken wmXzPn1QKtz0bZAwrqTBn0zWasqcbYiCYU7h8lVfHsM008f","communication_protocol_version":"1.5.0","com.unity.ml-agents_version":"2.0.1","scene_name":"SampleScene","end_time_seconds":"1686247209"}}