{
    "name": "root",
    "gauges": {
        "SeekerAgentV2.Policy.Entropy.mean": {
            "value": 1.4590725898742676,
            "min": 1.4514669179916382,
            "max": 1.4608008861541748,
            "count": 17
        },
        "SeekerAgentV2.Policy.Entropy.sum": {
            "value": 2973.58984375,
            "min": 797.5972900390625,
            "max": 2990.84521484375,
            "count": 17
        },
        "SeekerAgentV2.Environment.EpisodeLength.mean": {
            "value": 2076.5,
            "min": 33.0,
            "max": 16070.0,
            "count": 5
        },
        "SeekerAgentV2.Environment.EpisodeLength.sum": {
            "value": 8306.0,
            "min": 33.0,
            "max": 16070.0,
            "count": 5
        },
        "SeekerAgentV2.Step.mean": {
            "value": 201940.0,
            "min": 169906.0,
            "max": 201940.0,
            "count": 17
        },
        "SeekerAgentV2.Step.sum": {
            "value": 201940.0,
            "min": 169906.0,
            "max": 201940.0,
            "count": 17
        },
        "SeekerAgentV2.Policy.ExtrinsicValueEstimate.mean": {
            "value": -0.09343656897544861,
            "min": -0.11069881916046143,
            "max": -0.05631827935576439,
            "count": 17
        },
        "SeekerAgentV2.Policy.ExtrinsicValueEstimate.sum": {
            "value": -1.6818581819534302,
            "min": -1.7711811065673828,
            "max": -0.23385174572467804,
            "count": 17
        },
        "SeekerAgentV2.Environment.CumulativeReward.mean": {
            "value": -1.077150110155344,
            "min": -15.070800766348839,
            "max": 0.9668000340461731,
            "count": 5
        },
        "SeekerAgentV2.Environment.CumulativeReward.sum": {
            "value": -4.308600440621376,
            "min": -15.070800766348839,
            "max": 0.9668000340461731,
            "count": 5
        },
        "SeekerAgentV2.Policy.ExtrinsicReward.mean": {
            "value": -1.077150110155344,
            "min": -15.070800766348839,
            "max": 0.9668000340461731,
            "count": 5
        },
        "SeekerAgentV2.Policy.ExtrinsicReward.sum": {
            "value": -4.308600440621376,
            "min": -15.070800766348839,
            "max": 0.9668000340461731,
            "count": 5
        },
        "SeekerAgentV2.IsTraining.mean": {
            "value": 1.0,
            "min": 1.0,
            "max": 1.0,
            "count": 17
        },
        "SeekerAgentV2.IsTraining.sum": {
            "value": 1.0,
            "min": 1.0,
            "max": 1.0,
            "count": 17
        },
        "SeekerAgentV2.Losses.PolicyLoss.mean": {
            "value": 0.07124469552654773,
            "min": 0.06002642555052743,
            "max": 0.07593515671323985,
            "count": 15
        },
        "SeekerAgentV2.Losses.PolicyLoss.sum": {
            "value": 0.07124469552654773,
            "min": 0.06002642555052743,
            "max": 0.07593515671323985,
            "count": 15
        },
        "SeekerAgentV2.Losses.ValueLoss.mean": {
            "value": 0.014095386464032345,
            "min": 2.5443561867177777e-06,
            "max": 0.014095386464032345,
            "count": 15
        },
        "SeekerAgentV2.Losses.ValueLoss.sum": {
            "value": 0.014095386464032345,
            "min": 2.5443561867177777e-06,
            "max": 0.014095386464032345,
            "count": 15
        },
        "SeekerAgentV2.Policy.LearningRate.mean": {
            "value": 0.00029394675201775,
            "min": 0.00029394675201775,
            "max": 0.00029485290171569995,
            "count": 15
        },
        "SeekerAgentV2.Policy.LearningRate.sum": {
            "value": 0.00029394675201775,
            "min": 0.00029394675201775,
            "max": 0.00029485290171569995,
            "count": 15
        },
        "SeekerAgentV2.Policy.Epsilon.mean": {
            "value": 0.19798225,
            "min": 0.19798225,
            "max": 0.19828430000000005,
            "count": 15
        },
        "SeekerAgentV2.Policy.Epsilon.sum": {
            "value": 0.19798225,
            "min": 0.19798225,
            "max": 0.19828430000000005,
            "count": 15
        },
        "SeekerAgentV2.Policy.Beta.mean": {
            "value": 0.009999999999999998,
            "min": 0.009999999999999998,
            "max": 0.01,
            "count": 15
        },
        "SeekerAgentV2.Policy.Beta.sum": {
            "value": 0.009999999999999998,
            "min": 0.009999999999999998,
            "max": 0.01,
            "count": 15
        }
    },
    "metadata": {
        "timer_format_version": "0.1.0",
        "start_time_seconds": "1684783975",
        "python_version": "3.9.13 (main, Aug 25 2022, 23:51:50) [MSC v.1916 64 bit (AMD64)]",
        "command_line_arguments": "C:\\Users\\Ignou\\anaconda3\\Scripts\\mlagents-learn config/SeekerAgentV2.yaml --run-id=SeekerAgentV2 --resume",
        "mlagents_version": "0.29.0",
        "mlagents_envs_version": "0.29.0",
        "communication_protocol_version": "1.5.0",
        "pytorch_version": "1.7.1+cu110",
        "numpy_version": "1.21.2",
        "end_time_seconds": "1684784447"
    },
    "total": 471.7087421,
    "count": 1,
    "self": 0.009958899999958248,
    "children": {
        "run_training.setup": {
            "total": 0.37670579999999987,
            "count": 1,
            "self": 0.37670579999999987
        },
        "TrainerController.start_learning": {
            "total": 471.3220774,
            "count": 1,
            "self": 0.7651472000009676,
            "children": {
                "TrainerController._reset_env": {
                    "total": 39.9210063,
                    "count": 1,
                    "self": 39.9210063
                },
                "TrainerController.advance": {
                    "total": 430.2212194999991,
                    "count": 34396,
                    "self": 0.7207255000003556,
                    "children": {
                        "env_step": {
                            "total": 403.5736614000004,
                            "count": 34396,
                            "self": 273.54554509999286,
                            "children": {
                                "SubprocessEnvManager._take_step": {
                                    "total": 129.54350830000382,
                                    "count": 34396,
                                    "self": 2.9892447000029847,
                                    "children": {
                                        "TorchPolicy.evaluate": {
                                            "total": 126.55426360000084,
                                            "count": 34389,
                                            "self": 86.04238520000055,
                                            "children": {
                                                "TorchPolicy.sample_actions": {
                                                    "total": 40.51187840000029,
                                                    "count": 34389,
                                                    "self": 40.51187840000029
                                                }
                                            }
                                        }
                                    }
                                },
                                "workers": {
                                    "total": 0.4846080000037105,
                                    "count": 34395,
                                    "self": 0.0,
                                    "children": {
                                        "worker_root": {
                                            "total": 439.0203275000039,
                                            "count": 34395,