{
    "name": "root",
    "gauges": {
        "SeekerAgentV2.Policy.Entropy.mean": {
            "value": 1.3816214799880981,
            "min": 1.3816214799880981,
            "max": 1.4274965524673462,
            "count": 16
        },
        "SeekerAgentV2.Policy.Entropy.sum": {
            "value": 2652.713134765625,
            "min": 2652.713134765625,
            "max": 2962.055419921875,
            "count": 16
        },
        "SeekerAgentV2.Step.mean": {
            "value": 31915.0,
            "min": 1920.0,
            "max": 31915.0,
            "count": 16
        },
        "SeekerAgentV2.Step.sum": {
            "value": 31915.0,
            "min": 1920.0,
            "max": 31915.0,
            "count": 16
        },
        "SeekerAgentV2.Policy.ExtrinsicValueEstimate.mean": {
            "value": -0.24424193799495697,
            "min": -0.31221815943717957,
            "max": 0.025124739855527878,
            "count": 16
        },
        "SeekerAgentV2.Policy.ExtrinsicValueEstimate.sum": {
            "value": -3.6636290550231934,
            "min": -4.683272361755371,
            "max": 0.37687110900878906,
            "count": 16
        },
        "SeekerAgentV2.Policy.CuriosityValueEstimate.mean": {
            "value": 11.560384750366211,
            "min": -0.7612282037734985,
            "max": 11.560384750366211,
            "count": 16
        },
        "SeekerAgentV2.Policy.CuriosityValueEstimate.sum": {
            "value": 173.40577697753906,
            "min": -11.41842269897461,
            "max": 188.07598876953125,
            "count": 16
        },
        "SeekerAgentV2.Losses.PolicyLoss.mean": {
            "value": 0.539499430751635,
            "min": 0.4720287920286258,
            "max": 0.6998063810948842,
            "count": 16
        },
        "SeekerAgentV2.Losses.PolicyLoss.sum": {
            "value": 1.07899886150327,
            "min": 0.4895575741098987,
            "max": 1.3996127621897685,
            "count": 16
        },
        "SeekerAgentV2.Losses.ValueLoss.mean": {
            "value": 0.7212000083592203,
            "min": 0.0057296983980146855,
            "max": 2.0897975127730106,
            "count": 16
        },
        "SeekerAgentV2.Losses.ValueLoss.sum": {
            "value": 1.4424000167184405,
            "min": 0.005824157643413249,
            "max": 4.179595025546021,
            "count": 16
        },
        "SeekerAgentV2.Policy.LearningRate.mean": {
            "value": 0.00029905983031338994,
            "min": 0.00029905983031338994,
            "max": 0.00029996544001151997,
            "count": 16
        },
        "SeekerAgentV2.Policy.LearningRate.sum": {
            "value": 0.0005981196606267799,
            "min": 0.0002992461002512999,
            "max": 0.0005998302300565901,
            "count": 16
        },
        "SeekerAgentV2.Policy.Epsilon.mean": {
            "value": 0.19968661000000001,
            "min": 0.19968661000000001,
            "max": 0.19998848000000005,
            "count": 16
        },
        "SeekerAgentV2.Policy.Epsilon.sum": {
            "value": 0.39937322000000003,
            "min": 0.19974870000000003,
            "max": 0.3999434100000001,
            "count": 16
        },
        "SeekerAgentV2.Policy.Beta.mean": {
            "value": 0.009999999999999998,
            "min": 0.009999999999999998,
            "max": 0.009999999999999998,
            "count": 16
        },
        "SeekerAgentV2.Policy.Beta.sum": {
            "value": 0.019999999999999997,
            "min": 0.009999999999999998,
            "max": 0.019999999999999997,
            "count": 16
        },
        "SeekerAgentV2.Losses.CuriosityForwardLoss.mean": {
            "value": 0.1270399388960666,
            "min": 0.004587337267630752,
            "max": 0.17392123736855059,
            "count": 16
        },
        "SeekerAgentV2.Losses.CuriosityForwardLoss.sum": {
            "value": 0.2540798777921332,
            "min": 0.009174674535261504,
            "max": 0.34784247473710117,
            "count": 16
        },
        "SeekerAgentV2.Losses.CuriosityInverseLoss.mean": {
            "value": 1.744026615884569,
            "min": 1.6150007526079815,
            "max": 2.096985950267393,
            "count": 16
        },
        "SeekerAgentV2.Losses.CuriosityInverseLoss.sum": {
            "value": 3.488053231769138,
            "min": 1.7132932662963867,
            "max": 4.193971900534786,
            "count": 16
        },
        "SeekerAgentV2.IsTraining.mean": {
            "value": 1.0,
            "min": 1.0,
            "max": 1.0,
            "count": 16
        },
        "SeekerAgentV2.IsTraining.sum": {
            "value": 1.0,
            "min": 1.0,
            "max": 1.0,
            "count": 16
        },
        "SeekerAgentV2.Environment.EpisodeLength.mean": {
            "value": 8319.5,
            "min": 1919.0,
            "max": 8319.5,
            "count": 4
        },
        "SeekerAgentV2.Environment.EpisodeLength.sum": {
            "value": 16639.0,
            "min": 1919.0,
            "max": 16639.0,
            "count": 4
        },
        "SeekerAgentV2.Environment.CumulativeReward.mean": {
            "value": 0.75,
            "min": 0.5,
            "max": 0.75,
            "count": 4
        },
        "SeekerAgentV2.Environment.CumulativeReward.sum": {
            "value": 1.5,
            "min": 0.5,
            "max": 1.5,
            "count": 4
        },
        "SeekerAgentV2.Policy.ExtrinsicReward.mean": {
            "value": 0.375,
            "min": 0.25,
            "max": 0.375,
            "count": 4
        },
        "SeekerAgentV2.Policy.ExtrinsicReward.sum": {
            "value": 0.75,
            "min": 0.25,
            "max": 0.75,
            "count": 4
        },
        "SeekerAgentV2.Policy.CuriosityReward.mean": {
            "value": 877.7774964570999,
            "min": 11.62571644410491,
            "max": 877.7774964570999,
            "count": 4
        },
        "SeekerAgentV2.Policy.CuriosityReward.sum": {
            "value": 1755.5549929141998,
            "min": 11.62571644410491,
            "max": 1755.5549929141998,
            "count": 4
        }
    },
    "metadata": {
        "timer_format_version": "0.1.0",
        "start_time_seconds": "1685375503",
        "python_version": "3.9.13 (main, Aug 25 2022, 23:51:50) [MSC v.1916 64 bit (AMD64)]",
        "command_line_arguments": "D:\\src\\Anaconda\\Scripts\\mlagents-learn config/SeekerAgentV2.yaml --run-id=SeekerAgentV2 --force",
        "mlagents_version": "0.29.0",
        "mlagents_envs_version": "0.29.0",
        "communication_protocol_version": "1.5.0",
        "pytorch_version": "1.7.1+cu110",
        "numpy_version": "1.21.2",
        "end_time_seconds": "1685375962"
    },
    "total": 458.73567679999996,
    "count": 1,
    "self": 0.0094794999999408,
    "children": {
        "run_training.setup": {
            "total": 0.15902970000000005,
            "count": 1,
            "self": 0.15902970000000005
        },
        "TrainerController.start_learning": {
            "total": 458.5671676,
            "count": 1,
            "self": 0.5511616000026152,
            "children": {
                "TrainerController._reset_env": {
                    "total": 7.7704609,
                    "count": 1,
                    "self": 7.7704609
                },
                "TrainerController.advance": {
                    "total": 450.0780368999974,
                    "count": 32282,
                    "self": 0.5412554999946906,