{
    "name": "root",
    "gauges": {
        "SeekerAgentV2.Policy.Entropy.mean": {
            "value": 2.8235585689544678,
            "min": 2.8235585689544678,
            "max": 2.8235585689544678,
            "count": 1
        },
        "SeekerAgentV2.Policy.Entropy.sum": {
            "value": 4336.98583984375,
            "min": 4336.98583984375,
            "max": 4336.98583984375,
            "count": 1
        },
        "SeekerAgentV2.Step.mean": {
            "value": 89880.0,
            "min": 89880.0,
            "max": 89880.0,
            "count": 1
        },
        "SeekerAgentV2.Step.sum": {
            "value": 89880.0,
            "min": 89880.0,
            "max": 89880.0,
            "count": 1
        },
        "SeekerAgentV2.Policy.ExtrinsicValueEstimate.mean": {
            "value": 0.21547721326351166,
            "min": 0.21547721326351166,
            "max": 0.21547721326351166,
            "count": 1
        },
        "SeekerAgentV2.Policy.ExtrinsicValueEstimate.sum": {
            "value": 2.3702492713928223,
            "min": 2.3702492713928223,
            "max": 2.3702492713928223,
            "count": 1
        },
        "SeekerAgentV2.Policy.CuriosityValueEstimate.mean": {
            "value": 0.012864772230386734,
            "min": 0.012864772230386734,
            "max": 0.012864772230386734,
            "count": 1
        },
        "SeekerAgentV2.Policy.CuriosityValueEstimate.sum": {
            "value": 0.14151249825954437,
            "min": 0.14151249825954437,
            "max": 0.14151249825954437,
            "count": 1
        },
        "SeekerAgentV2.IsTraining.mean": {
            "value": 1.0,
            "min": 1.0,
            "max": 1.0,
            "count": 1
        },
        "SeekerAgentV2.IsTraining.sum": {
            "value": 1.0,
            "min": 1.0,
            "max": 1.0,
            "count": 1
        }
    },
    "metadata": {
        "timer_format_version": "0.1.0",
        "start_time_seconds": "1686246348",
        "python_version": "3.9.13 (main, Aug 25 2022, 23:51:50) [MSC v.1916 64 bit (AMD64)]",
        "command_line_arguments": "C:\\Users\\Ignou\\anaconda3\\Scripts\\mlagents-learn config/SeekerAgentV2.yaml --run-id=SeekerAgentV2 --resume",
        "mlagents_version": "0.29.0",
        "mlagents_envs_version": "0.29.0",
        "communication_protocol_version": "1.5.0",
        "pytorch_version": "1.7.1+cu110",
        "numpy_version": "1.21.2",
        "end_time_seconds": "1686246520"
    },
    "total": 171.8106996,
    "count": 1,
    "self": 0.007307699999984152,
    "children": {
        "run_training.setup": {
            "total": 0.20247420000000016,
            "count": 1,
            "self": 0.20247420000000016
        },
        "TrainerController.start_learning": {
            "total": 171.6009177,
            "count": 1,
            "self": 0.14819350000010445,
            "children": {
                "TrainerController._reset_env": {
                    "total": 10.461843299999998,
                    "count": 1,
                    "self": 10.461843299999998
                },
                "TrainerController.advance": {
                    "total": 160.70979209999987,
                    "count": 8287,
                    "self": 0.14349019999946222,
                    "children": {
                        "env_step": {
                            "total": 154.60103929999994,
                            "count": 8287,
                            "self": 113.0424126999993,
                            "children": {
                                "SubprocessEnvManager._take_step": {
                                    "total": 41.46236880000071,
                                    "count": 8287,
                                    "self": 0.4430461000006076,
                                    "children": {
                                        "TorchPolicy.evaluate": {
                                            "total": 41.0193227000001,
                                            "count": 8284,
                                            "self": 19.772680100000507,
                                            "children": {
                                                "TorchPolicy.sample_actions": {
                                                    "total": 21.246642599999596,
                                                    "count": 8284,
                                                    "self": 21.246642599999596
                                                }
                                            }
                                        }
                                    }
                                },
                                "workers": {
                                    "total": 0.09625779999992545,
                                    "count": 8286,
                                    "self": 0.0,
                                    "children": {
                                        "worker_root": {
                                            "total": 98.82614339999989,
                                            "count": 8286,
                                            "is_parallel": true,
                                            "self": 56.743660600000226,
                                            "children": {
                                                "steps_from_proto": {
                                                    "total": 0.0004959000000006597,
                                                    "count": 1,
                                                    "is_parallel": true,
                                                    "self": 0.00023970000000161917,
                                                    "children": {
                                                        "_process_rank_one_or_two_observation": {
                                                            "total": 0.00025619999999904053,
                                                            "count": 4,
                                                            "is_parallel": true,
                                                            "self": 0.00025619999999904053
                                                        }
                                                    }
                                                },
                                                "UnityEnvironment.step": {
                                                    "total": 42.08198689999966,
                                                    "count": 8286,
                                                    "is_parallel": true,
                                                    "self": 0.6700202999995213,
                                                    "children": {
                                                        "UnityEnvironment._generate_step_input": {
                                                            "total": 0.5249722000004962,
                                                            "count": 8286,
                                                            "is_parallel": true,
                                                            "self": 0.5249722000004962
                                                        },
                                                        "communicator.exchange": {
                                                            "total": 38.07286779999948,
                                                            "count": 8286,
                                                            "is_parallel": true,
                                                            "self": 38.07286779999948
                                                        },
                                                        "steps_from_proto": {
                                                            "total": 2.8141266000001615,