{
    "name": "root",
    "gauges": {
        "SeekerAgent.Policy.Entropy.mean": {
            "value": 1.7318857908248901,
            "min": 1.6977137327194214,
            "max": 1.7318857908248901,
            "count": 23
        },
        "SeekerAgent.Policy.Entropy.sum": {
            "value": 3325.220703125,
            "min": 869.2294311523438,
            "max": 3583.5888671875,
            "count": 23
        },
        "SeekerAgent.Step.mean": {
            "value": 1095881.0,
            "min": 1051880.0,
            "max": 1095881.0,
            "count": 23
        },
        "SeekerAgent.Step.sum": {
            "value": 1095881.0,
            "min": 1051880.0,
            "max": 1095881.0,
            "count": 23
        },
        "SeekerAgent.Policy.ExtrinsicValueEstimate.mean": {
            "value": -0.042043570429086685,
            "min": -0.04334494471549988,
            "max": 0.053575802594423294,
            "count": 23
        },
        "SeekerAgent.Policy.ExtrinsicValueEstimate.sum": {
            "value": -0.6306535601615906,
            "min": -0.7368640899658203,
            "max": 0.869046688079834,
            "count": 23
        },
        "SeekerAgent.IsTraining.mean": {
            "value": 1.0,
            "min": 1.0,
            "max": 1.0,
            "count": 23
        },
        "SeekerAgent.IsTraining.sum": {
            "value": 1.0,
            "min": 1.0,
            "max": 1.0,
            "count": 23
        },
        "SeekerAgent.Losses.PolicyLoss.mean": {
            "value": 0.05399253602304003,
            "min": 0.046294705485343,
            "max": 0.07480002107331529,
            "count": 20
        },
        "SeekerAgent.Losses.PolicyLoss.sum": {
            "value": 0.05399253602304003,
            "min": 0.046294705485343,
            "max": 0.07480002107331529,
            "count": 20
        },
        "SeekerAgent.Losses.ValueLoss.mean": {
            "value": 0.00017842470055363854,
            "min": 1.9286767030066318e-05,
            "max": 0.028660082560963928,
            "count": 20
        },
        "SeekerAgent.Losses.ValueLoss.sum": {
            "value": 0.00017842470055363854,
            "min": 1.9286767030066318e-05,
            "max": 0.028660082560963928,
            "count": 20
        },
        "SeekerAgent.Policy.LearningRate.mean": {
            "value": 0.00026717734094089006,
            "min": 0.00026717734094089006,
            "max": 0.0002683898505367199,
            "count": 20
        },
        "SeekerAgent.Policy.LearningRate.sum": {
            "value": 0.00026717734094089006,
            "min": 0.00026717734094089006,
            "max": 0.0002683898505367199,
            "count": 20
        },
        "SeekerAgent.Policy.Epsilon.mean": {
            "value": 0.18905911000000006,
            "min": 0.18905911000000006,
            "max": 0.18946327999999998,
            "count": 20
        },
        "SeekerAgent.Policy.Epsilon.sum": {
            "value": 0.18905911000000006,
            "min": 0.18905911000000006,
            "max": 0.18946327999999998,
            "count": 20
        },
        "SeekerAgent.Policy.Beta.mean": {
            "value": 0.02,
            "min": 0.019999999999999997,
            "max": 0.02,
            "count": 20
        },
        "SeekerAgent.Policy.Beta.sum": {
            "value": 0.02,
            "min": 0.019999999999999997,
            "max": 0.02,
            "count": 20
        },
        "SeekerAgent.Environment.EpisodeLength.mean": {
            "value": 1914.0,
            "min": 323.5,
            "max": 7843.0,
            "count": 12
        },
        "SeekerAgent.Environment.EpisodeLength.sum": {
            "value": 1914.0,
            "min": 999.0,
            "max": 7843.0,
            "count": 12
        },
        "SeekerAgent.Environment.CumulativeReward.mean": {
            "value": -0.9148001372814178,
            "min": -6.843800351023674,
            "max": 0.6758249793201685,
            "count": 12
        },
        "SeekerAgent.Environment.CumulativeReward.sum": {
            "value": -0.9148001372814178,
            "min": -6.843800351023674,
            "max": 5.406599834561348,
            "count": 12
        },
        "SeekerAgent.Policy.ExtrinsicReward.mean": {
            "value": -0.9148001372814178,
            "min": -6.843800351023674,
            "max": 0.6758249793201685,
            "count": 12
        },
        "SeekerAgent.Policy.ExtrinsicReward.sum": {
            "value": -0.9148001372814178,
            "min": -6.843800351023674,
            "max": 5.406599834561348,
            "count": 12
        }
    },
    "metadata": {
        "timer_format_version": "0.1.0",
        "start_time_seconds": "1684770414",
        "python_version": "3.9.13 (main, Aug 25 2022, 23:51:50) [MSC v.1916 64 bit (AMD64)]",
        "command_line_arguments": "C:\\Users\\Ignou\\anaconda3\\Scripts\\mlagents-learn config/SeekerAgent.yaml --run-id=SeekerAgent --resume",
        "mlagents_version": "0.29.0",
        "mlagents_envs_version": "0.29.0",
        "communication_protocol_version": "1.5.0",
        "pytorch_version": "1.7.1+cu110",
        "numpy_version": "1.21.2",
        "end_time_seconds": "1684771151"
    },
    "total": 737.6084012,
    "count": 1,
    "self": 10.028500099999974,
    "children": {
        "run_training.setup": {
            "total": 0.38932449999999985,
            "count": 1,
            "self": 0.38932449999999985
        },
        "TrainerController.start_learning": {
            "total": 727.1905766,
            "count": 1,
            "self": 1.0232925999972622,
            "children": {
                "TrainerController._reset_env": {
                    "total": 52.8233379,
                    "count": 1,
                    "self": 52.8233379
                },
                "TrainerController.advance": {
                    "total": 671.9044940000028,
                    "count": 46439,
                    "self": 0.9695783000047413,
                    "children": {
                        "env_step": {
                            "total": 635.3399137999999,
                            "count": 46439,
                            "self": 471.65136439999003,
                            "children": {
                                "SubprocessEnvManager._take_step": {
                                    "total": 163.0149075000022,
                                    "count": 46439,
                                    "self": 4.6483596999947565,
                                    "children": {
                                        "TorchPolicy.evaluate": {
                                            "total": 158.36654780000745,
                                            "count": 46414,
                                            "self": 102.99719610000216,
                                            "children": {
                                                "TorchPolicy.sample_actions": {
                                                    "total": 55.369351700005296,
                                                    "count": 46414,
                                                    "self": 55.369351700005296
                                                }
                                            }
                                        }
                                    }
                                },
                                "workers": {
                                    "total": 0.6736419000075955,
                                    "count": 46438,
                                    "self": 0.0,
                                    "children": {
                                        "worker_root": {
                                            "total": 504.42674070000305,
                                            "count": 46438,
                                            "is_parallel": true,